{
  "logger": {
    "logLevel": "debug",
    "logsDir": "./logs"
  },
  "data": {
    "path": "./data"
  },
  "http": {
    "adminPort": 6001,
    "metricsPort": 6002,
    "grafanaPort": 3000,
    "prometheusPort": 9090
  },
  "simulation": {
    "connectionTimeout": 10000,
    "telemetryTimeout": 10000,
    "twinUpdateTimeout": 10000,
    "commandTimeout": 10000,
    "registrationAttemptTimeout": 30000,
    "maxConcurrentConnections": 10,
    "maxConcurrentTwinUpdates": 10,
    "maxConcurrentRegistrations": 10,
    "maxConcurrentDeletes": 10,
    "maxRegistrationAttempts": 10,
    "enableTelemetry": true,
    "enableReportedProps": true,
    "enableTwinUpdateAcks": true,
    "enableCommandAcks": true,
    "geopointData": [
      [
        47.645804,
        -122.132337,
        0
      ],
      [
        47.644799,
        -122.132291,
        0
      ],
      [
        47.643975,
        -122.132302,
        0
      ],
      [
        47.642746,
        -122.132366,
        0
      ],
      [
        47.641264,
        -122.132409,
        0
      ],
      [
        47.639768,
        -122.13243,
        0
      ],
      [
        47.637844,
        -122.132393,
        0
      ],
      [
        47.635111,
        -122.132479,
        0
      ],
      [
        47.633202,
        -122.132382,
        0
      ],
      [
        47.633354,
        -122.131191,
        0
      ],
      [
        47.63454,
        -122.129163,
        0
      ],
      [
        47.636325,
        -122.126081,
        0
      ],
      [
        47.638046,
        -122.12312,
        0
      ],
      [
        47.641111,
        -122.119204,
        0
      ],
      [
        47.644017,
        -122.115642,
        0
      ],
      [
        47.64599,
        -122.114258,
        0
      ],
      [
        47.646069,
        -122.117938,
        0
      ],
      [
        47.646069,
        -122.120921,
        0
      ],
      [
        47.646105,
        -122.125888,
        0
      ],
      [
        47.646047,
        -122.129568,
        0
      ],
      [
        47.646069,
        -122.132164,
        0
      ]
    ]
  }
}